class_name,tool,budget_min,execution_status,branch_covered,branch_total,branch_coverage_pct,mutation_killed,mutation_total,mutation_score_pct,mutation_technical_exclusion,measurement_timestamp
ANY_INT,EvoSuite,3,PASS,12,12,100.000000,9,11,81.818182,0,2026-07-16T09:20:25.539917+00:00
BF,EvoSuite,3,PASS,10,10,100.000000,13,14,92.857143,0,2026-07-16T09:20:25.539917+00:00
CHECK_DICT_CASE,EvoSuite,3,PASS,24,24,100.000000,13,13,100.000000,0,2026-07-16T09:20:25.539917+00:00
CHECK_IF_LAST_CHAR_IS_A_LETTER,EvoSuite,3,PASS,14,14,100.000000,13,13,100.000000,0,2026-07-16T09:20:25.539917+00:00
CLOSEST_INTEGER,EvoSuite,3,PASS,11,12,91.666667,9,14,64.285714,0,2026-07-16T09:20:25.539917+00:00
COMMON,EvoSuite,3,PASS,8,8,100.000000,8,9,88.888889,0,2026-07-16T09:20:25.539917+00:00
COMPARE_ONE,EvoSuite,3,PASS,16,16,100.000000,10,11,90.909091,0,2026-07-16T09:20:25.539917+00:00
COUNT_NUMS,EvoSuite,3,PASS,14,14,100.000000,14,17,82.352941,0,2026-07-16T09:20:25.539917+00:00
COUNT_UP_TO,EvoSuite,3,PASS,8,8,100.000000,2,10,20.000000,0,2026-07-16T09:20:25.539917+00:00
COUNT_UPPER,EvoSuite,3,PASS,12,12,100.000000,10,10,100.000000,0,2026-07-16T09:20:25.539917+00:00
DOUBLE_THE_DIFFERENCE,EvoSuite,3,PASS,7,8,87.500000,7,8,87.500000,0,2026-07-16T09:20:25.539917+00:00
ENCODE,EvoSuite,3,PASS,26,26,100.000000,14,14,100.000000,0,2026-07-16T09:20:25.539917+00:00
EVEN_ODD_PALINDROME,EvoSuite,3,PASS,12,12,100.000000,5,19,26.315789,0,2026-07-16T09:20:25.539917+00:00
EXCHANGE,EvoSuite,3,PASS,10,10,100.000000,9,10,90.000000,0,2026-07-16T09:20:25.539917+00:00
FACTORIAL,EvoSuite,3,PASS,8,8,100.000000,4,14,28.571429,0,2026-07-16T09:20:25.539917+00:00
FILE_NAME_CHECK,EvoSuite,3,PASS,24,26,92.307692,22,26,84.615385,0,2026-07-16T09:20:25.539917+00:00
FIND_CLOSEST_ELEMENTS,EvoSuite,3,PASS,8,8,100.000000,5,12,41.666667,0,2026-07-16T09:20:25.539917+00:00
FIND_ZERO,EvoSuite,3,PASS,8,8,100.000000,0,0,0.000000,1,2026-07-16T09:20:25.539917+00:00
FIX_SPACES,EvoSuite,3,PASS,16,16,100.000000,24,29,82.758621,0,2026-07-16T09:20:25.539917+00:00
FIZZ_BUZZ,EvoSuite,3,PASS,10,10,100.000000,13,14,92.857143,0,2026-07-16T09:20:25.539917+00:00
GET_CLOSET_VOWEL,EvoSuite,3,PASS,10,10,100.000000,11,13,84.615385,0,2026-07-16T09:20:25.539917+00:00
GET_MAX_TRIPLES,EvoSuite,3,PASS,10,10,100.000000,23,26,88.461538,0,2026-07-16T09:20:25.539917+00:00
GET_ODD_COLLATZ,EvoSuite,3,PASS,8,8,100.000000,12,13,92.307692,0,2026-07-16T09:20:25.539917+00:00
GET_ROW,EvoSuite,3,PASS,6,6,100.000000,9,9,100.000000,0,2026-07-16T09:20:25.539917+00:00
HEX_KEY,EvoSuite,3,PASS,14,14,100.000000,8,8,100.000000,0,2026-07-16T09:20:25.539917+00:00
HISTOGRAM,EvoSuite,3,PASS,12,12,100.000000,16,19,84.210526,0,2026-07-16T09:20:25.539917+00:00
INTERSECTION,EvoSuite,3,PASS,14,14,100.000000,14,18,77.777778,0,2026-07-16T09:20:25.539917+00:00
IS_HAPPY,EvoSuite,3,PASS,10,10,100.000000,16,16,100.000000,0,2026-07-16T09:20:25.539917+00:00
IS_MULTIPLY_PRIME,EvoSuite,3,PASS,18,18,100.000000,0,0,0.000000,1,2026-07-16T09:20:25.539917+00:00
IS_NESTED,EvoSuite,3,PASS,12,12,100.000000,12,13,92.307692,0,2026-07-16T09:20:25.539917+00:00
IS_SORTED,EvoSuite,3,PASS,12,12,100.000000,19,19,100.000000,0,2026-07-16T09:20:25.539917+00:00
LARGEST_PRIME_FACTOR,EvoSuite,3,PASS,12,12,100.000000,16,17,94.117647,0,2026-07-16T09:20:25.539917+00:00
LARGEST_SMALLEST_INTEGERS,EvoSuite,3,PASS,10,10,100.000000,10,10,100.000000,0,2026-07-16T09:20:25.539917+00:00
LONGEST,EvoSuite,3,PASS,8,8,100.000000,4,5,80.000000,0,2026-07-16T09:20:25.539917+00:00
MAKE_PALINDROME,EvoSuite,3,PASS,10,10,100.000000,15,15,100.000000,0,2026-07-16T09:20:25.539917+00:00
MATCH_PARENS,EvoSuite,3,PASS,12,12,100.000000,13,14,92.857143,0,2026-07-16T09:20:25.539917+00:00
MIN_PATH,EvoSuite,3,PASS,18,18,100.000000,17,25,68.000000,0,2026-07-16T09:20:25.539917+00:00
MIN_SUBARRAY_SUM,EvoSuite,3,PASS,8,8,100.000000,9,11,81.818182,0,2026-07-16T09:20:25.539917+00:00
MOVE_ONE_BALL,EvoSuite,3,PASS,14,14,100.000000,14,17,82.352941,0,2026-07-16T09:20:25.539917+00:00
NUMERICAL_LETTER_GRADE,EvoSuite,3,PASS,26,26,100.000000,3,26,11.538462,0,2026-07-16T09:20:25.539917+00:00
ORDER_BY_POINTS,EvoSuite,3,PASS,14,14,100.000000,10,21,47.619048,0,2026-07-16T09:20:25.539917+00:00
PLUCK,EvoSuite,3,PASS,8,8,100.000000,10,10,100.000000,0,2026-07-16T09:20:25.539917+00:00
PRIME_FIB,EvoSuite,3,PASS,10,10,100.000000,0,0,0.000000,1,2026-07-16T09:20:25.539917+00:00
PROD_SIGNS,EvoSuite,3,PASS,10,10,100.000000,13,15,86.666667,0,2026-07-16T09:20:25.539917+00:00
REMOVE_DUPLICATES,EvoSuite,3,PASS,8,8,100.000000,4,4,100.000000,0,2026-07-16T09:20:25.539917+00:00
REMOVE_VOWELS,EvoSuite,3,PASS,12,12,100.000000,6,6,100.000000,0,2026-07-16T09:20:25.539917+00:00
RESCALE_TO_UNIT,EvoSuite,3,PASS,8,8,100.000000,10,12,83.333333,0,2026-07-16T09:20:25.539917+00:00
SEARCH,EvoSuite,3,PASS,12,12,100.000000,12,13,92.307692,0,2026-07-16T09:20:25.539917+00:00
SELECT_WORDS,EvoSuite,3,PASS,12,12,100.000000,10,14,71.428571,0,2026-07-16T09:20:25.539917+00:00
SEPARATE_PAREN_GROUPS,EvoSuite,3,PASS,8,8,100.000000,5,6,83.333333,0,2026-07-16T09:20:25.539917+00:00
SKJKASDKD,EvoSuite,3,PASS,12,12,100.000000,14,17,82.352941,0,2026-07-16T09:20:25.539917+00:00
SOLVE_STRING,EvoSuite,3,PASS,10,10,100.000000,8,8,100.000000,0,2026-07-16T09:20:25.539917+00:00
SORT_ARRAY_BINARY,EvoSuite,3,PASS,4,4,100.000000,9,11,81.818182,0,2026-07-16T09:20:25.539917+00:00
SPECIAL_FILTER,EvoSuite,3,PASS,8,8,100.000000,8,9,88.888889,0,2026-07-16T09:20:25.539917+00:00
SPLIT_WORDS,EvoSuite,3,PASS,10,10,100.000000,7,13,53.846154,0,2026-07-16T09:20:25.539917+00:00
STRONGEST_EXTENSION,EvoSuite,3,PASS,10,10,100.000000,5,10,50.000000,0,2026-07-16T09:20:25.539917+00:00
TRIPLES_SUM_TO_ZERO,EvoSuite,3,PASS,8,8,100.000000,11,15,73.333333,0,2026-07-16T09:20:25.539917+00:00
UNIQUE_DIGITS,EvoSuite,3,PASS,8,8,100.000000,8,9,88.888889,0,2026-07-16T09:20:25.539917+00:00
VALID_DATE,EvoSuite,3,PASS,2,28,7.142857,2,32,6.250000,0,2026-07-16T09:20:25.539917+00:00
VOWELS_COUNT,EvoSuite,3,PASS,26,26,100.000000,17,17,100.000000,0,2026-07-16T09:20:25.539917+00:00
WILL_IT_FLY,EvoSuite,3,PASS,8,8,100.000000,11,15,73.333333,0,2026-07-16T09:20:25.539917+00:00
WORDS_IN_SENTENCE,EvoSuite,3,PASS,10,12,83.333333,8,9,88.888889,0,2026-07-16T09:20:25.539917+00:00
WORDS_STRINGS,EvoSuite,3,PASS,10,10,100.000000,5,5,100.000000,0,2026-07-16T09:20:25.539917+00:00
