suite,source_file,tests,failures,errors,skipped,compile_pass,status,quarantined_path
humaneval.correct.ANY_INT_GPTTest,ANY_INT_GPTTest.java,7,3,0,0,0,FAIL_ASSERTION,experiments\rbl-project\invalid_tests\full\20260716_154247\humaneval\correct\ANY_INT_GPTTest.java
humaneval.correct.BF_GPTTest,BF_GPTTest.java,13,1,0,0,0,FAIL_ASSERTION,experiments\rbl-project\invalid_tests\full\20260716_154247\humaneval\correct\BF_GPTTest.java
humaneval.correct.CHECK_DICT_CASE_GPTTest,CHECK_DICT_CASE_GPTTest.java,12,0,0,0,1,PASS,
humaneval.correct.CHECK_IF_LAST_CHAR_IS_A_LETTER_GPTTest,CHECK_IF_LAST_CHAR_IS_A_LETTER_GPTTest.java,13,0,0,0,1,PASS,
humaneval.correct.CLOSEST_INTEGER_GPTTest,CLOSEST_INTEGER_GPTTest.java,14,0,0,0,1,PASS,
humaneval.correct.COMMON_GPTTest,COMMON_GPTTest.java,11,0,0,0,1,PASS,
humaneval.correct.COMPARE_ONE_GPTTest,COMPARE_ONE_GPTTest.java,14,3,0,0,0,FAIL_ASSERTION,experiments\rbl-project\invalid_tests\full\20260716_154247\humaneval\correct\COMPARE_ONE_GPTTest.java
humaneval.correct.COUNT_NUMS_GPTTest,COUNT_NUMS_GPTTest.java,13,2,0,0,0,FAIL_ASSERTION,experiments\rbl-project\invalid_tests\full\20260716_154247\humaneval\correct\COUNT_NUMS_GPTTest.java
humaneval.correct.COUNT_UPPER_GPTTest,COUNT_UPPER_GPTTest.java,14,3,0,0,0,FAIL_ASSERTION,experiments\rbl-project\invalid_tests\full\20260716_154247\humaneval\correct\COUNT_UPPER_GPTTest.java
humaneval.correct.COUNT_UP_TO_GPTTest,COUNT_UP_TO_GPTTest.java,9,0,0,0,1,PASS,
humaneval.correct.DOUBLE_THE_DIFFERENCE_GPTTest,DOUBLE_THE_DIFFERENCE_GPTTest.java,10,1,0,0,0,FAIL_ASSERTION,experiments\rbl-project\invalid_tests\full\20260716_154247\humaneval\correct\DOUBLE_THE_DIFFERENCE_GPTTest.java
humaneval.correct.ENCODE_GPTTest,ENCODE_GPTTest.java,10,7,0,0,0,FAIL_ASSERTION,experiments\rbl-project\invalid_tests\full\20260716_154247\humaneval\correct\ENCODE_GPTTest.java
humaneval.correct.EVEN_ODD_PALINDROME_GPTTest,EVEN_ODD_PALINDROME_GPTTest.java,7,1,0,0,0,FAIL_ASSERTION,experiments\rbl-project\invalid_tests\full\20260716_154247\humaneval\correct\EVEN_ODD_PALINDROME_GPTTest.java
humaneval.correct.EXCHANGE_GPTTest,EXCHANGE_GPTTest.java,10,0,0,0,1,PASS,
humaneval.correct.FACTORIAL_GPTTest,FACTORIAL_GPTTest.java,9,1,0,0,0,FAIL_ASSERTION,experiments\rbl-project\invalid_tests\full\20260716_154247\humaneval\correct\FACTORIAL_GPTTest.java
humaneval.correct.FILE_NAME_CHECK_GPTTest,FILE_NAME_CHECK_GPTTest.java,16,2,0,0,0,FAIL_ASSERTION,experiments\rbl-project\invalid_tests\full\20260716_154247\humaneval\correct\FILE_NAME_CHECK_GPTTest.java
humaneval.correct.FIND_CLOSEST_ELEMENTS_GPTTest,FIND_CLOSEST_ELEMENTS_GPTTest.java,10,0,0,0,1,PASS,
humaneval.correct.FIND_ZERO_GPTTest,FIND_ZERO_GPTTest.java,0,0,0,0,0,FAIL_COMPILE,experiments\rbl-project\invalid_tests\full\20260716_154149\humaneval\correct\FIND_ZERO_GPTTest.java
humaneval.correct.FIX_SPACES_GPTTest,FIX_SPACES_GPTTest.java,14,1,0,0,0,FAIL_ASSERTION,experiments\rbl-project\invalid_tests\full\20260716_154247\humaneval\correct\FIX_SPACES_GPTTest.java
humaneval.correct.FIZZ_BUZZ_GPTTest,FIZZ_BUZZ_GPTTest.java,26,16,0,0,0,FAIL_ASSERTION,experiments\rbl-project\invalid_tests\full\20260716_154247\humaneval\correct\FIZZ_BUZZ_GPTTest.java
humaneval.correct.GET_CLOSET_VOWEL_GPTTest,GET_CLOSET_VOWEL_GPTTest.java,9,3,0,0,0,FAIL_ASSERTION,experiments\rbl-project\invalid_tests\full\20260716_154247\humaneval\correct\GET_CLOSET_VOWEL_GPTTest.java
humaneval.correct.GET_MAX_TRIPLES_GPTTest,GET_MAX_TRIPLES_GPTTest.java,20,0,0,0,1,PASS,
humaneval.correct.GET_ODD_COLLATZ_GPTTest,GET_ODD_COLLATZ_GPTTest.java,10,4,0,0,0,FAIL_ASSERTION,experiments\rbl-project\invalid_tests\full\20260716_154247\humaneval\correct\GET_ODD_COLLATZ_GPTTest.java
humaneval.correct.GET_ROW_GPTTest,GET_ROW_GPTTest.java,8,2,0,0,0,FAIL_ASSERTION,experiments\rbl-project\invalid_tests\full\20260716_154247\humaneval\correct\GET_ROW_GPTTest.java
humaneval.correct.HEX_KEY_GPTTest,HEX_KEY_GPTTest.java,8,4,0,0,0,FAIL_ASSERTION,experiments\rbl-project\invalid_tests\full\20260716_154247\humaneval\correct\HEX_KEY_GPTTest.java
humaneval.correct.HISTOGRAM_GPTTest,HISTOGRAM_GPTTest.java,10,0,1,0,0,FAIL_ASSERTION,experiments\rbl-project\invalid_tests\full\20260716_154247\humaneval\correct\HISTOGRAM_GPTTest.java
humaneval.correct.INTERSECTION_GPTTest,INTERSECTION_GPTTest.java,5,1,0,0,0,FAIL_ASSERTION,experiments\rbl-project\invalid_tests\full\20260716_154247\humaneval\correct\INTERSECTION_GPTTest.java
humaneval.correct.IS_HAPPY_GPTTest,IS_HAPPY_GPTTest.java,16,2,0,0,0,FAIL_ASSERTION,experiments\rbl-project\invalid_tests\full\20260716_154247\humaneval\correct\IS_HAPPY_GPTTest.java
humaneval.correct.IS_MULTIPLY_PRIME_GPTTest,IS_MULTIPLY_PRIME_GPTTest.java,34,7,0,0,0,FAIL_ASSERTION,experiments\rbl-project\invalid_tests\full\20260716_154247\humaneval\correct\IS_MULTIPLY_PRIME_GPTTest.java
humaneval.correct.IS_NESTED_GPTTest,IS_NESTED_GPTTest.java,9,2,0,0,0,FAIL_ASSERTION,experiments\rbl-project\invalid_tests\full\20260716_154247\humaneval\correct\IS_NESTED_GPTTest.java
humaneval.correct.IS_SORTED_GPTTest,IS_SORTED_GPTTest.java,8,4,0,0,0,FAIL_ASSERTION,experiments\rbl-project\invalid_tests\full\20260716_154247\humaneval\correct\IS_SORTED_GPTTest.java
humaneval.correct.LARGEST_PRIME_FACTOR_GPTTest,LARGEST_PRIME_FACTOR_GPTTest.java,13,3,0,0,0,FAIL_ASSERTION,experiments\rbl-project\invalid_tests\full\20260716_154247\humaneval\correct\LARGEST_PRIME_FACTOR_GPTTest.java
humaneval.correct.LARGEST_SMALLEST_INTEGERS_GPTTest,LARGEST_SMALLEST_INTEGERS_GPTTest.java,12,0,0,0,1,PASS,
humaneval.correct.LONGEST_GPTTest,LONGEST_GPTTest.java,8,0,1,0,0,FAIL_ASSERTION,experiments\rbl-project\invalid_tests\full\20260716_154247\humaneval\correct\LONGEST_GPTTest.java
humaneval.correct.MAKE_PALINDROME_GPTTest,MAKE_PALINDROME_GPTTest.java,15,2,0,0,0,FAIL_ASSERTION,experiments\rbl-project\invalid_tests\full\20260716_154247\humaneval\correct\MAKE_PALINDROME_GPTTest.java
humaneval.correct.MATCH_PARENS_GPTTest,MATCH_PARENS_GPTTest.java,6,4,0,0,0,FAIL_ASSERTION,experiments\rbl-project\invalid_tests\full\20260716_154247\humaneval\correct\MATCH_PARENS_GPTTest.java
humaneval.correct.MIN_PATH_GPTTest,MIN_PATH_GPTTest.java,8,3,0,0,0,FAIL_ASSERTION,experiments\rbl-project\invalid_tests\full\20260716_154247\humaneval\correct\MIN_PATH_GPTTest.java
humaneval.correct.MIN_SUBARRAY_SUM_GPTTest,MIN_SUBARRAY_SUM_GPTTest.java,0,0,0,0,0,FAIL_COMPILE,experiments\rbl-project\invalid_tests\full\20260716_154149\humaneval\correct\MIN_SUBARRAY_SUM_GPTTest.java
humaneval.correct.MOVE_ONE_BALL_GPTTest,MOVE_ONE_BALL_GPTTest.java,11,1,0,0,0,FAIL_ASSERTION,experiments\rbl-project\invalid_tests\full\20260716_154247\humaneval\correct\MOVE_ONE_BALL_GPTTest.java
humaneval.correct.NUMERICAL_LETTER_GRADE_GPTTest,NUMERICAL_LETTER_GRADE_GPTTest.java,6,2,0,0,0,FAIL_ASSERTION,experiments\rbl-project\invalid_tests\full\20260716_154247\humaneval\correct\NUMERICAL_LETTER_GRADE_GPTTest.java
humaneval.correct.ORDER_BY_POINTS_GPTTest,ORDER_BY_POINTS_GPTTest.java,11,5,0,0,0,FAIL_ASSERTION,experiments\rbl-project\invalid_tests\full\20260716_154247\humaneval\correct\ORDER_BY_POINTS_GPTTest.java
humaneval.correct.PLUCK_GPTTest,PLUCK_GPTTest.java,10,0,0,0,1,PASS,
humaneval.correct.PRIME_FIB_GPTTest,PRIME_FIB_GPTTest.java,16,0,0,0,1,PASS,
humaneval.correct.PROD_SIGNS_GPTTest,PROD_SIGNS_GPTTest.java,11,2,0,0,0,FAIL_ASSERTION,experiments\rbl-project\invalid_tests\full\20260716_154247\humaneval\correct\PROD_SIGNS_GPTTest.java
humaneval.correct.REMOVE_DUPLICATES_GPTTest,REMOVE_DUPLICATES_GPTTest.java,9,0,0,0,1,PASS,
humaneval.correct.REMOVE_VOWELS_GPTTest,REMOVE_VOWELS_GPTTest.java,10,1,0,0,0,FAIL_ASSERTION,experiments\rbl-project\invalid_tests\full\20260716_154247\humaneval\correct\REMOVE_VOWELS_GPTTest.java
humaneval.correct.RESCALE_TO_UNIT_GPTTest,RESCALE_TO_UNIT_GPTTest.java,9,3,0,0,0,FAIL_ASSERTION,experiments\rbl-project\invalid_tests\full\20260716_154247\humaneval\correct\RESCALE_TO_UNIT_GPTTest.java
humaneval.correct.SEARCH_GPTTest,SEARCH_GPTTest.java,12,4,0,0,0,FAIL_ASSERTION,experiments\rbl-project\invalid_tests\full\20260716_154247\humaneval\correct\SEARCH_GPTTest.java
humaneval.correct.SELECT_WORDS_GPTTest,SELECT_WORDS_GPTTest.java,11,1,0,0,0,FAIL_ASSERTION,experiments\rbl-project\invalid_tests\full\20260716_154247\humaneval\correct\SELECT_WORDS_GPTTest.java
humaneval.correct.SEPARATE_PAREN_GROUPS_GPTTest,SEPARATE_PAREN_GROUPS_GPTTest.java,13,4,0,0,0,FAIL_ASSERTION,experiments\rbl-project\invalid_tests\full\20260716_154247\humaneval\correct\SEPARATE_PAREN_GROUPS_GPTTest.java
humaneval.correct.SKJKASDKD_GPTTest,SKJKASDKD_GPTTest.java,11,1,0,0,0,FAIL_ASSERTION,experiments\rbl-project\invalid_tests\full\20260716_154247\humaneval\correct\SKJKASDKD_GPTTest.java
humaneval.correct.SOLVE_STRING_GPTTest,SOLVE_STRING_GPTTest.java,15,1,0,0,0,FAIL_ASSERTION,experiments\rbl-project\invalid_tests\full\20260716_154247\humaneval\correct\SOLVE_STRING_GPTTest.java
humaneval.correct.SORT_ARRAY_BINARY_GPTTest,SORT_ARRAY_BINARY_GPTTest.java,9,3,0,0,0,FAIL_ASSERTION,experiments\rbl-project\invalid_tests\full\20260716_154247\humaneval\correct\SORT_ARRAY_BINARY_GPTTest.java
humaneval.correct.SPECIAL_FILTER_GPTTest,SPECIAL_FILTER_GPTTest.java,11,1,0,0,0,FAIL_ASSERTION,experiments\rbl-project\invalid_tests\full\20260716_154247\humaneval\correct\SPECIAL_FILTER_GPTTest.java
humaneval.correct.SPLIT_WORDS_GPTTest,SPLIT_WORDS_GPTTest.java,11,7,0,0,0,FAIL_ASSERTION,experiments\rbl-project\invalid_tests\full\20260716_154247\humaneval\correct\SPLIT_WORDS_GPTTest.java
humaneval.correct.STRONGEST_EXTENSION_GPTTest,STRONGEST_EXTENSION_GPTTest.java,10,0,0,0,1,PASS,
humaneval.correct.TRIPLES_SUM_TO_ZERO_GPTTest,TRIPLES_SUM_TO_ZERO_GPTTest.java,11,0,0,0,1,PASS,
humaneval.correct.UNIQUE_DIGITS_GPTTest,UNIQUE_DIGITS_GPTTest.java,10,2,0,0,0,FAIL_ASSERTION,experiments\rbl-project\invalid_tests\full\20260716_154247\humaneval\correct\UNIQUE_DIGITS_GPTTest.java
humaneval.correct.VALID_DATE_GPTTest,VALID_DATE_GPTTest.java,8,1,0,0,0,FAIL_ASSERTION,experiments\rbl-project\invalid_tests\full\20260716_154247\humaneval\correct\VALID_DATE_GPTTest.java
humaneval.correct.VOWELS_COUNT_GPTTest,VOWELS_COUNT_GPTTest.java,13,3,1,0,0,FAIL_ASSERTION,experiments\rbl-project\invalid_tests\full\20260716_154247\humaneval\correct\VOWELS_COUNT_GPTTest.java
humaneval.correct.WILL_IT_FLY_GPTTest,WILL_IT_FLY_GPTTest.java,19,4,0,0,0,FAIL_ASSERTION,experiments\rbl-project\invalid_tests\full\20260716_154247\humaneval\correct\WILL_IT_FLY_GPTTest.java
humaneval.correct.WORDS_IN_SENTENCE_GPTTest,WORDS_IN_SENTENCE_GPTTest.java,20,15,0,0,0,FAIL_ASSERTION,experiments\rbl-project\invalid_tests\full\20260716_154247\humaneval\correct\WORDS_IN_SENTENCE_GPTTest.java
humaneval.correct.WORDS_STRINGS_GPTTest,WORDS_STRINGS_GPTTest.java,10,2,0,0,0,FAIL_ASSERTION,experiments\rbl-project\invalid_tests\full\20260716_154247\humaneval\correct\WORDS_STRINGS_GPTTest.java
